term,estimate,std.error,statistic,p.value
(Intercept),6.244198678257523,0.6729383265780502,9.279005863746557,5.941957700104463e-20
RelationshipSatisfaction,0.3680476710111628,0.23256749174060623,1.5825413442634717,0.11374173890966977
GenderMale,0.7759729993681177,0.8770313871488303,0.8847722108221844,0.37642458780432486
RelationshipSatisfaction:GenderMale,-0.426882284980365,0.30126549656856483,-1.4169637407621658,0.15670599848511862
